mysql> select site_code, count(site_code) from orders group by site_code;
+-----------+------------------+
| site_code | count(site_code) |
+-----------+------------------+
| BOG       |           123702 |
| CMX       |            85208 |
| BAQ       |            40619 |
| SPO       |           177388 |
| MDE       |            17703 |
| BHZ       |            29820 |
| CWB       |            12362 |
| VCP       |            13194 |
| PBC       |                4 |
+-----------+------------------+
9 rows in set (0.53 sec)


mysql> select * from airport_codes where iata_code = 'BOG';
+-------+---------------------------------+-----------+-------------+------------+--------------+----------+-----------+------------+
| id    | name                            | continent | iso_country | iso_region | municipality | gps_code | iata_code | local_code |
+-------+---------------------------------+-----------+-------------+------------+--------------+----------+-----------+------------+
| 15923 | El Dorado International Airport | SA        | CO          | CO-CUN     | Bogota       | SKBO     | BOG       | BOG        |
+-------+---------------------------------+-----------+-------------+------------+--------------+----------+-----------+------------+
1 row in set (0.01 sec)

mysql> select * from airport_codes where iata_code = 'CMX';
+-------+----------------------------------+-----------+-------------+------------+--------------+----------+-----------+------------+
| id    | name                             | continent | iso_country | iso_region | municipality | gps_code | iata_code | local_code |
+-------+----------------------------------+-----------+-------------+------------+--------------+----------+-----------+------------+
| 12196 | Houghton County Memorial Airport | NA        | US          | US-MI      | Hancock      | KCMX     | CMX       | CMX        |
+-------+----------------------------------+-----------+-------------+------------+--------------+----------+-----------+------------+
1 row in set (0.01 sec)

mysql> select * from airport_codes where iata_code = 'BAQ';
+-------+-----------------------------------------+-----------+-------------+------------+--------------+----------+-----------+------------+
| id    | name                                    | continent | iso_country | iso_region | municipality | gps_code | iata_code | local_code |
+-------+-----------------------------------------+-----------+-------------+------------+--------------+----------+-----------+------------+
| 15924 | Ernesto Cortissoz International Airport | SA        | CO          | CO-ATL     | Barranquilla | SKBQ     | BAQ       | BAQ        |
+-------+-----------------------------------------+-----------+-------------+------------+--------------+----------+-----------+------------+
1 row in set (0.01 sec)

mysql> select * from airport_codes where iata_code = 'MDE';
+-------+-------------------------------------------+-----------+-------------+------------+--------------+----------+-----------+------------+
| id    | name                                      | continent | iso_country | iso_region | municipality | gps_code | iata_code | local_code |
+-------+-------------------------------------------+-----------+-------------+------------+--------------+----------+-----------+------------+
| 15985 | Jose Maria Córdova International Airport | SA        | CO          | CO-ANT     | Medellín    | SKRG     | MDE       | MDE        |
+-------+-------------------------------------------+-----------+-------------+------------+--------------+----------+-----------+------------+
1 row in set (0.01 sec)

mysql> select * from airport_codes where iata_code = 'CWB';
+-------+---------------------+-----------+-------------+------------+--------------+----------+-----------+------------+
| id    | name                | continent | iso_country | iso_region | municipality | gps_code | iata_code | local_code |
+-------+---------------------+-----------+-------------+------------+--------------+----------+-----------+------------+
| 15613 | Afonso Pena Airport | SA        | BR          | BR-PR      | Curitiba     | SBCT     | CWB       | 0          |
+-------+---------------------+-----------+-------------+------------+--------------+----------+-----------+------------+
1 row in set (0.01 sec)

mysql> select * from airport_codes where iata_code = 'VCP';
+-------+---------------------------------+-----------+-------------+------------+--------------+----------+-----------+------------+
| id    | name                            | continent | iso_country | iso_region | municipality | gps_code | iata_code | local_code |
+-------+---------------------------------+-----------+-------------+------------+--------------+----------+-----------+------------+
| 15649 | Viracopos International Airport | SA        | BR          | BR-SP      | Campinas     | SBKP     | VCP       | 0          |
+-------+---------------------------------+-----------+-------------+------------+--------------+----------+-----------+------------+
1 row in set (0.02 sec)

mysql> select * from airport_codes where iata_code = 'PBC';
+-------+----------------------------------------+-----------+-------------+------------+--------------+----------+-----------+------------+
| id    | name                                   | continent | iso_country | iso_region | municipality | gps_code | iata_code | local_code |
+-------+----------------------------------------+-----------+-------------+------------+--------------+----------+-----------+------------+
| 14190 | Hermanos Serdán International Airport | NA        | MX          | MX-PUE     | Puebla       | MMPB     | PBC       | 0          |
+-------+----------------------------------------+-----------+-------------+------------+--------------+----------+-----------+------------+
1 row in set (0.01 sec)

mysql> 



mysql> select * from airport_codes where iata_code = 'SPO';
Empty set (0.01 sec)

mysql> select * from airport_codes where iata_code = 'BHZ';
Empty set (0.02 sec)



mysql> select * from orders order by submitted_date limit 1;
+--------+----------+----------+---------------------+---------------------+---------------------+---------------+-------------+-----------+-------+----------------+-------------------------+--------------+-------------+-------------------------+----------------------+----------+-----------+
| id     | order_id | batch_id | created_date        | updated_date        | submitted_date      | delivery_date | customer_id | site_code | total | total_shipping | tracking_code           | order_status | gmv_enabled | order_number            | shipping_by_tracking | latitude | longitude |
+--------+----------+----------+---------------------+---------------------+---------------------+---------------+-------------+-----------+-------+----------------+-------------------------+--------------+-------------+-------------------------+----------------------+----------+-----------+
| 269910 |  6418680 | 20220320 | 2021-12-20 22:14:09 | 2023-03-22 12:27:38 | 2022-01-10 19:23:46 | 2022-01-11    |    68807805 | CMX       | 242.0 |            0.0 | 68807805_16625076685745 | CANCELLED    |           0 | 68807805_16754970389129 |                  0.0 |  19.4848 |  -99.1131 |
+--------+----------+----------+---------------------+---------------------+---------------------+---------------+-------------+-----------+-------+----------------+-------------------------+--------------+-------------+-------------------------+----------------------+----------+-----------+
1 row in set (0.69 sec)

mysql> select * from orders order by submitted_date desc limit 1;
+--------+----------+----------+---------------------+---------------------+---------------------+---------------+-------------+-----------+-------+----------------+--------------------------+--------------+-------------+--------------------------+----------------------+----------+-----------+
| id     | order_id | batch_id | created_date        | updated_date        | submitted_date      | delivery_date | customer_id | site_code | total | total_shipping | tracking_code            | order_status | gmv_enabled | order_number             | shipping_by_tracking | latitude | longitude |
+--------+----------+----------+---------------------+---------------------+---------------------+---------------+-------------+-----------+-------+----------------+--------------------------+--------------+-------------+--------------------------+----------------------+----------+-----------+
| 413105 | 20334640 | 20220320 | 2023-03-28 18:17:59 | 2023-03-28 18:24:07 | 2023-03-28 18:24:06 | 2023-03-29    |    19466749 | CMX       |  50.0 |           20.0 | 19466749_120956457623896 | SUBMITTED    |           1 | 19466749_121289058682048 |                 20.0 |  19.5058 |  -99.2473 |
+--------+----------+----------+---------------------+---------------------+---------------------+---------------+-------------+-----------+-------+----------------+--------------------------+--------------+-------------+--------------------------+----------------------+----------+-----------+
1 row in set (0.43 sec)

mysql> 




https://openexchangerates.org/api/historical/2022-01-01.json?app_id=a5168d8367574abfa3502091cc37cf7f

{
  "disclaimer": "Usage subject to terms: https://openexchangerates.org/terms",
  "license": "https://openexchangerates.org/license",
  "timestamp": 1664668785,
  "base": "USD",
  "rates": {
    "AED": 3.67302,
    "AFN": 88.499983,
    "ALL": 119.475,
    "AMD": 409.437002,
    "ANG": 1.803199,
    "AOA": 433.4055,
    "ARS": 147.301439,
    "AUD": 1.562744,
    "AWG": 1.8,
    "AZN": 1.7,
    "BAM": 2.004612,
    "BBD": 2,
    "BDT": 101.349789,
    "BGN": 1.996186,
    "BHD": 0.377274,
    "BIF": 2048,
    "BMD": 1,
    "BND": 1.436097,
    "BOB": 6.913041,
    "BRL": 5.412471,
    "BSD": 1,
    "BTC": 0.000051783521,
    "BTN": 81.484569,
    "BWP": 13.331522,
    "BYN": 2.525367,
    "BZD": 2.016799,
    "CAD": 1.383055,
    "CDF": 2045,
    "CHF": 0.9887,
    "CLF": 0.035082,
    "CLP": 968.01,
    "CNH": 7.1473,
    "CNY": 7.116,
    "COP": 4510.16071,
    "CRC": 626.40161,
    "CUC": 1,
    "CUP": 25.75,
    "CVE": 113,
    "CZK": 25.0829,
    "DJF": 177.5,
    "DKK": 7.58765,
    "DOP": 53.6,
    "DZD": 140.810441,
    "EGP": 19.538049,
    "ERN": 15,
    "ETB": 52.6,
    "EUR": 1.020055,
    "FJD": 2.31005,
    "FKP": 0.896861,
    "GBP": 0.896861,
    "GEL": 2.825,
    "GGP": 0.896861,
    "GHS": 10.45,
    "GIP": 0.896861,
    "GMD": 55.4,
    "GNF": 8755,
    "GTQ": 7.880757,
    "GYD": 209.326094,
    "HKD": 7.849755,
    "HNL": 24.76,
    "HRK": 7.6737,
    "HTG": 121.065334,
    "HUF": 431.574,
    "IDR": 15303.7,
    "ILS": 3.55854,
    "IMP": 0.896861,
    "INR": 81.6384,
    "IQD": 1460,
    "IRR": 42350,
    "ISK": 144.16,
    "JEP": 0.896861,
    "JMD": 152.146979,
    "JOD": 0.7097,
    "JPY": 144.739,
    "KES": 120.85,
    "KGS": 80.221852,
    "KHR": 4130,
    "KMF": 501.449796,
    "KPW": 900,
    "KRW": 1440.23,
    "KWD": 0.30993,
    "KYD": 0.833799,
    "KZT": 476.391433,
    "LAK": 16525,
    "LBP": 1516.943517,
    "LKR": 365.661197,
    "LRD": 153.799979,
    "LSL": 18.08,
    "LYD": 5.055,
    "MAD": 10.953,
    "MDL": 19.449658,
    "MGA": 4197,
    "MKD": 63.136593,
    "MMK": 2100.92657,
    "MNT": 3271.946028,
    "MOP": 8.089474,
    "MRU": 37.905,
    "MUR": 45.746233,
    "MVR": 15.45,
    "MWK": 1026,
    "MXN": 20.14615,
    "MYR": 4.637,
    "MZN": 63.900001,
    "NAD": 18.08,
    "NGN": 432.37,
    "NIO": 36,
    "NOK": 10.88418,
    "NPR": 130.368423,
    "NZD": 1.786353,
    "OMR": 0.384966,
    "PAB": 1,
    "PEN": 3.9815,
    "PGK": 3.52,
    "PHP": 58.801489,
    "PKR": 228.1,
    "PLN": 4.951725,
    "PYG": 7072.50366,
    "QAR": 3.641,
    "RON": 5.05312,
    "RSD": 119.71,
    "RUB": 60.200002,
    "RWF": 1041.5,
    "SAR": 3.756801,
    "SBD": 8.150095,
    "SCR": 13.055632,
    "SDG": 578.25,
    "SEK": 11.101302,
    "SGD": 1.43577,
    "SHP": 0.896861,
    "SLL": 13900,
    "SOS": 568.5,
    "SRD": 28.5895,
    "SSP": 130.26,
    "STD": 22750.290504,
    "STN": 25.35,
    "SVC": 8.755054,
    "SYP": 2512.53,
    "SZL": 18.08,
    "THB": 37.799812,
    "TJS": 9.829966,
    "TMT": 3.51,
    "TND": 3.269,
    "TOP": 2.427146,
    "TRY": 18.502,
    "TTD": 6.797382,
    "TWD": 31.8176,
    "TZS": 2330,
    "UAH": 36.950292,
    "UGX": 3852.928055,
    "USD": 1,
    "UYU": 41.698612,
    "UZS": 11015,
    "VES": 8.1373,
    "VND": 23866.353886,
    "VUV": 120.819439,
    "WST": 2.763664,
    "XAF": 669.112208,
    "XAG": 0.05254447,
    "XAU": 0.00060208,
    "XCD": 2.7017,
    "XDR": 0.747967,
    "XOF": 669.112208,
    "XPD": 0.00046128,
    "XPF": 121.724939,
    "XPT": 0.00115638,
    "YER": 250.249937,
    "ZAR": 18.09104,
    "ZMW": 15.783448,
    "ZWL": 322
  }
}



mysql> select site_code, count(site_code) from customers group by site_code;
+-----------+------------------+
| site_code | count(site_code) |
+-----------+------------------+
| CMX       |            50499 |
| BOG       |            53795 |
| BAQ       |            18017 |
| 0         |                2 |
| SPO       |            80091 |
| BHZ       |            30906 |
| GDL       |            13368 |
| PBC       |            11767 |
| MTY       |              848 |
| CWB       |            14111 |
| MDE       |            20214 |
| VCP       |            10134 |
+-----------+------------------+
12 rows in set (0.40 sec)

mysql> select site_code, count(site_code) from orders group by site_code;
+-----------+------------------+
| site_code | count(site_code) |
+-----------+------------------+
| BOG       |           123702 |
| CMX       |            85208 |
| BAQ       |            40619 |
| SPO       |           177388 |
| MDE       |            17703 |
| BHZ       |            29820 |
| CWB       |            12362 |
| VCP       |            13194 |
| PBC       |                4 |
+-----------+------------------+
9 rows in set (0.37 sec)

